"Species","n","best_model","best_bic","int_best","tssr_best","tssr2_best","jd_best","jd2_best"
"BTHU",5586,5,21344.3844148155,-19.2538311343886,NA,NA,75.6233670481038,-80.3517842457811
"NOFL",25937,4,85059.8613386831,-1.66681166661846,2.02112626353354,-16.2877039019925,NA,NA
"BWVI",267,1,1301.17653365344,-1.50188957876433,NA,NA,NA,NA
"CANW",885,1,3105.66645080908,-1.24974878206375,NA,NA,NA,NA
"PIGR",1212,1,4848.25772573809,-1.63962639563467,NA,NA,NA,NA
"GTTO",10958,1,48325.7760545125,-0.754146385159686,NA,NA,NA,NA
"AMRE",14628,4,43755.4340963871,-1.29152285659469,0.107274079625359,2.73149112646407,NA,NA
