"Species","n","best_model","best_bic","int_best","road_best","forest_best","roadforest_best"
"BLVU",358,2,1142.49503556714,5.28398989283778,-0.765361838554908,NA,NA
"PIWO",11355,5,16414.7132126425,5.04687794257308,-0.119097625941275,-0.437943604567914,0.376493894649773
"BWVI",325,2,807.496720925753,5.04008269243962,-1.27306968671261,NA,NA
"HOWR",29711,5,73259.930466178,4.21057892636431,0.321297645627249,0.000535362380753705,-0.433366534054096
"BLRF",103,1,190.980185109099,4.33067760330285,NA,NA,NA
"SOSP",58967,4,355481.87266544,4.09579660309408,0.172756145042825,-0.0236755144426517,NA
"MGWA",13761,2,25378.3134639333,4.15676808553515,-0.185552523658021,NA,NA
"DICK",4232,3,10127.1700497941,4.24667961716436,NA,0.588312666737314,NA
