"Species","n","best_model","best_bic","int_best","road_best","forest_best","roadforest_best"
"BLVU",358,2,1142.49503556714,5.28398989283778,-0.765361838554908,NA,NA
"PIWO",11355,5,16414.7132126425,5.04687794257308,-0.119097625941275,-0.437943604567914,0.376493894649773
"PIJA",2726,4,4640.25787175413,5.12741091451864,-0.207806588575385,-0.216415473965054,NA
"WIWR",22054,5,34043.5544162332,5.08476276697236,-0.39623657485989,-1.07507298024667,0.29122561653408
"HOFI",12848,4,54781.3732791099,4.37039655067963,-0.09284932746556,-0.102641404424654,NA
"CANT",404,3,617.150040283334,4.27237680428403,NA,0.250061694631402,NA
"COYE",39588,5,132344.906295577,4.37201583636575,0.0948609310435824,-0.351199683870719,0.141312391262329
