"Species","n","best_model","best_bic","int_best","tssr_best","tssr2_best","jd_best","jd2_best"
"BTHU",5586,5,21344.3844148155,-19.2538311343886,NA,NA,75.6233670481038,-80.3517842457811
"NOFL",25937,4,85059.8613386831,-1.66681166661846,2.02112626353354,-16.2877039019925,NA,NA
"WAVI",24572,9,79241.9868151425,-8.0764283248232,1.03649661281883,-10.7067076329527,30.5339094536337,-31.8709450630414
"BRCR",9366,7,26696.2797956936,-2.47516869206132,0.174205756013266,-8.81098624562621,2.30485586962367,NA
"SPPI",2807,1,7135.43099120444,-0.371725267555308,NA,NA,NA,NA
"CANT",414,3,1696.24213973482,-0.169783953357263,NA,NA,-2.4881029278389,NA
"KEWA",1160,4,2588.45630126261,-1.02738627985372,-6.82435018117841,22.356579416804,NA,NA
"DICK",3971,8,17543.0370304791,-2.92010509167502,-5.4870804506831,NA,11.3969183075962,-12.2461184674508
